,rouge1,rouge2,rougeL,rougeLsum,sacrebleu,meteor,bertscore_precision,bertscore_recall,bertscore_F1
baseline-abs,0.20894503243427792,0.030051223676721684,0.12199840673722546,0.12199840673722546,0.39535520300517574,0.050284094855923875,0.6654957437515259,0.6443311250209809,0.654606466293335
bert-base-abs-zs,0.42268715266426937,0.16902789886660854,0.1882968290290945,0.1882968290290945,2.960794840281139,0.3322229587910908,0.7140696960687637,0.8268545240163803,0.7657373851537704
t5-small-abs-zs,0.6170037144036318,0.20949432404540763,0.2480396203054065,0.2480396203054065,9.411781176793351,0.2579139955181532,0.8011833488941192,0.8002254033088684,0.800387105345726
gpt-3.5-abs-zs,0.6017265266972184,0.21021213090288882,0.24192688905467333,0.24192688905467333,11.482068591675054,0.288816464212174,0.7966043668985366,0.7849979561567306,0.7901224726438523
gpt-4-abs-zs,0.564997804128239,0.17395124094003955,0.220245937637242,0.220245937637242,9.407733551508155,0.25217980343885754,0.7842026090621949,0.7763627129793167,0.7795716613531113
bert-base-abs-ft,0.6175585741635519,0.22978024984043038,0.2689397392652019,0.2689397392652019,7.060129822814221,0.35458804338167355,0.8151502895355225,0.8284610486030579,0.8213881152868271
t5-small-abs-ft,0.6157056145675265,0.22158983115158415,0.26820940819423367,0.26820940819423367,10.625307061036635,0.3368680672424291,0.8152795279026032,0.8208709347248078,0.8176518332958221
gpt-3.5-abs-ft,0.6046261430876816,0.205961476380071,0.2392684238838085,0.2392684238838085,11.204805534566297,0.2862985166646137,0.7933120447397232,0.7810333281755447,0.7864278137683869
gpt-4-abs-ft,0.5621468926553671,0.16670289067594002,0.21229900043459363,0.21229900043459363,7.853370944708415,0.25141995965912867,0.784919872879982,0.7782433420419693,0.780957533121109
