,rouge1,rouge2,rougeL,rougeLsum,sacrebleu,meteor,bertscore_precision,bertscore_recall,bertscore_F1
baseline-ext,0.469362957819823,0.20265030958856547,0.22299369322455592,0.22299369322455592,6.579425164401476,0.406537254981104,0.7826087200641632,0.8396227830648422,0.8097812271118164
bert-base-ext-zs,0.4077207826546801,0.15337423312883436,0.175251189846642,0.175251189846642,4.713107850158378,0.3248967083948002,0.7672149044275284,0.8215671581029892,0.7930097216367722
t5-small-ext-zs,0.6173370177054549,0.2075954550107483,0.2466482448060587,0.2466482448060587,9.23880372915534,0.2577926678914918,0.8004288351535798,0.8004032796621323,0.8001022118330002
gpt-3.5-ext-zs,0.4842050413599948,0.17223633639502314,0.2059532338956556,0.2059532338956556,5.867918262799431,0.332960823643187,0.7647043257951737,0.8120466530323028,0.7867605644464493
gpt-4-ext-zs,0.4119874855919644,0.1381127518252182,0.16883473297107413,0.16883473297107413,4.184592641725597,0.31617388000482427,0.7496423316001892,0.8120790302753449,0.778602989912033
bert-base-ext-ft,0.6175585741635519,0.22978024984043038,0.2689397392652019,0.2689397392652019,7.060129822814221,0.35458804338167355,0.8151502895355225,0.8284610486030579,0.8213881152868271
gpt35-ext-ft,0.6064053940160135,0.20674394099051635,0.24631268436578171,0.24631268436578171,11.129131762539327,0.2962078417674305,0.7987011843919753,0.7883103239536285,0.7928428053855896
gpt40-ext-ft,0.566098572086596,0.179451739230592,0.20658682634730538,0.20658682634730538,8.968704518339866,0.20980168741533006,0.7421186822652817,0.7314536553621293,0.7357482355833054
