,rouge1,rouge2,rougeL,rougeLsum,sacrebleu,meteor,bertscore_precision,bertscore_recall,bertscore_F1
baseline-hyb,0.42368332774236833,0.16260344441959293,0.18439002571843896,0.18439002571843896,2.9798351630176683,0.3260144961406638,0.7133728569746017,0.8212272667884827,0.762964238524437
bert-hyb,0.6060431100846806,0.2142444658325313,0.2526943802925327,0.2526943802925327,7.326455645530931,0.31098558927172587,0.8103967100381851,0.8082164913415909,0.8089515906572342
t5-hyb,0.582275505406676,0.20691276745826473,0.24800188058298075,0.24800188058298075,12.306689040786479,0.2577833078807427,0.8251570451259613,0.7943658858537674,0.8090475451946259
gpt35-hyb,0.5904034896401309,0.1961169284467714,0.22966194111232283,0.22966194111232283,10.46492014475292,0.26917981488058623,0.7952824753522872,0.7806847077608109,0.7873758888244629
gpt4-hyb,0.5550195267631519,0.16613051470588236,0.21341603491844702,0.21341603491844702,8.631542154277497,0.24170174197144015,0.7961055994033813,0.7791446441411972,0.786981742978096
